Name,Handle,Timestamp,Verified,Content,Comments,Retweets,Likes,Analytics,Tags,Mentions,Emojis,Profile Image,Tweet Link,Tweet ID,content_english
Sovrenn,@sovrennofficial,2024-03-19T06:22:27.000Z,True,"Clients of the company include Tata, Indian Railways, NTPC, Adani, Maha Metro, Namma Metro, Ministry Of Defence, SAIL, RITES,GATX, Larsen & Tourbo etc.",1,0,2,334,[],[],[],https://pbs.twimg.com/profile_images/1660201830973083648/U8MCwiYo_normal.jpg,https://twitter.com/sovrennofficial/status/1769972686900298129,tweet_id:1769972686900298129,"The company's clients include Tata, Indian Railways, NTPC, Adani, Maha Metro, Namma Metro, Ministry of Defence, SAIL, RITES, GATX, Larsen & Tourbo etc."
MyTradeJournal,@MyTradeJournal9,2024-03-15T11:11:25.000Z,False,"2. Larsen & Tourbo - Bags order in the range of Rs 5k - 10K Cr in Middle east

Technicals: New long, High increase in 1 month

Fundamentals: Improved ROE, Consistently paying Dividend",1,0,1,76,[],[],[],https://pbs.twimg.com/profile_images/1745872759001878528/Ofh-Zs7a_normal.jpg,https://twitter.com/MyTradeJournal9/status/1768595855106584812,tweet_id:1768595855106584812,"2. Larsen & Toubro - Bags order in the range of Rs 5k - 10K Cr in Middle east
Technical: New long, High increase in 1 month
Fundamentals: Improved ROE, Consistently paying Dividend"
Vipin Gupta,@Vipster007,2024-03-07T08:52:03.000Z,False,"#stockstoavoid - I am thinking to start posting on stocks to avoid. Top 5 stocks where I won't trade #sbilife#LT (Larsen & Tourbo)#NH (Narayana Hrudalaya)#motilalofs#apollotyres 

List purely based on technicals. Strictly my personal views, no buy/sell reco ",1,0,0,276,"['#stockstoavoid', '#sbilife', '#LT', '#NH', '#motilalofs', '#apollotyres', '']",[],"['\\U0001f645\\u200d\\u2640\\ufe0f', '\\u26d4\\ufe0f']",https://pbs.twimg.com/profile_images/1770759941759926272/uN1pK3-M_normal.jpg,https://twitter.com/Vipster007/status/1765661679369756967,tweet_id:1765661679369756967,"#stockstoavoid - I am thinking to start posting on stocks to avoid. Top 5 stocks where I won't trade #sbilife#LT (Larsen & Tourbo)#NH (Narayana Hrudalaya)#motilalofs#apollotyres 

List purely based on technicals. Strictly my personal views, no buy/sell reco"
Diptarka Bhunia,@AnonymousTradr1,2024-02-26T17:45:09.000Z,False,""" Exploring potential daily reversal in Larsen and Tourbo. 
Excellent opportunity .Waiting for the high break!  #Midcap #StockMarketindia #Adani",0,0,2,370,"['#Midcap', '#StockMarketindia', '#Adani']",[],"['\\U0001f4c8', '\\U0001f4bc', '\\U0001f680']",https://pbs.twimg.com/profile_images/1735662594512326656/mlLKUHV2_normal.jpg,https://twitter.com/AnonymousTradr1/status/1762171958928756929,tweet_id:1762171958928756929,""" Exploring potential daily reversal in Larsen and Toubro.
Excellent opportunity .Waiting for the high breakout! #Midcap #StockMarketindia #Adani"
Vash,@ThatLadyTrader,2024-02-26T03:57:46.000Z,False,"#LT #LarsenTourbo 
Bouncing off the support zone.
Detailed : https://youtu.be/ymqnbPTV-6c",0,0,0,154,"['#LT', '#LarsenTourbo']",[],[],https://pbs.twimg.com/profile_images/1742621739585241088/jk6oRomn_normal.jpg,https://twitter.com/ThatLadyTrader/status/1761963743620079942,tweet_id:1761963743620079942,"#LT #LarsenTourbo 
Bouncing off the support zone.
Detailed : https://youtu.be/ymqnbPTV-6c"
Ganesh,@Ganesh15052003,2024-02-21T17:32:16.000Z,False,Larsen and Tourbo company starting vachinde 1 coding question attempt cheyaleka poya,1,0,1,73,[],[],[],https://pbs.twimg.com/profile_images/1762808897830830080/NwzuKXYR_normal.jpg,https://twitter.com/Ganesh15052003/status/1760356779811287372,tweet_id:1760356779811287372,Larsen and Turbo company started but failed to attempt 1 coding question.
blinkX,@getblinkx,2024-02-21T10:44:57.000Z,True,Which of the following companies has the highest Market Cap?#adani #hindustanunilever #larsentourbo #bajajfinance #marketcap #company #highest #money #finance #Poll #PollOfTheDay,0,0,0,535,"['#adani', '#hindustanunilever', '#larsentourbo', '#bajajfinance', '#marketcap', '#company', '#highest', '#money', '#finance', '#Poll', '#PollOfTheDay']",[],[],https://pbs.twimg.com/profile_images/1679022335406542848/me1Mnm1c_normal.jpg,https://twitter.com/getblinkx/status/1760254275496583481,tweet_id:1760254275496583481,Which of the following companies has the highest Market Cap?#adani #hindustanunilever #larsentourbo #bajajfinance #marketcap #company #highest #money #finance #Poll #PollOfTheDay
DAY-NULM,@NULM_MoHUA,2024-02-16T16:18:07.000Z,False,"Smt Shikha Srivastava, Head, Urban Poverty Alleviation, TATA Trusts; and Shri J Raguraman, Head, Construction & Skill Training Institute, Larsen & Tourbo participated in the discussion.",1,5,6,170,[],[],[],https://pbs.twimg.com/profile_images/1698621649984364544/Efo06ZX8_normal.jpg,https://twitter.com/NULM_MoHUA/status/1758526179622232347,tweet_id:1758526179622232347,"Smt Shikha Srivastava, Head, Urban Poverty Alleviation, TATA Trusts; and Shri J Raguraman, Head, Construction & Skill Training Institute, Larsen & Tourbo participated in the discussion."
Abhu,@abhu_tyagi,2024-02-15T17:38:19.000Z,True,"The last line is a bare-faced lie. Its pretty much indisputable that citizens knew more about a higher % of cash going to political parties before electoral bonds.

For example, we knew that Larsen and Tourbo (of the infamous Pragati Maidan fiasco) was a big BJP donor",0,0,3,257,[],[],[],https://pbs.twimg.com/profile_images/1573823123069276167/0AO_7icb_normal.jpg,https://twitter.com/abhu_tyagi/status/1758183972989706561,tweet_id:1758183972989706561,"The last line is a bare-faced lie. Its pretty much indisputable that citizens knew more about a higher % of cash going to political parties before electoral bonds.

For example, we knew that Larsen and Tourbo (of the infamous Pragati Maidan fiasco) was a big BJP donor"
Sahil Pahwa,@Sahilpahwa09,2024-02-11T17:52:59.000Z,True,"LT ki Kundali!!!

Doing 4th!!!

Possible Ew Counts of #LarsenTourbo",6,3,40,8.2K,['#LarsenTourbo'],[],[],https://pbs.twimg.com/profile_images/1517375235611267072/oX2zTeal_normal.jpg,https://twitter.com/Sahilpahwa09/status/1756738113655693366,tweet_id:1756738113655693366,"LT ki Kundali!!!

Doing 4th!!!

Possible Ew Counts of #LarsenTourbo"
RS,@WithRitesh,2024-02-08T17:59:38.000Z,True,"Wondering what those 3 new pitched positions may be: 

Tata Consumer (You always prefer consumer plays: ITC, Titan, United Spirits)

Reliance Industries (Huge Retail play)Larsen & Tourbo / Tata Chemicals

Hope you disclose it in some time to come!",1,1,9,5.1K,[],[],[],https://pbs.twimg.com/profile_images/1765681325603016704/wehNabxZ_normal.jpg,https://twitter.com/WithRitesh/status/1755652623037067701,tweet_id:1755652623037067701,"Wondering what those 3 new pitched positions may be: 

Tata Consumer (You always prefer consumer plays: ITC, Titan, United Spirits)

Reliance Industries (Huge Retail play)Larsen & Tourbo / Tata Chemicals

Hope you disclose it in some time to come!"
Film Flash,@Filmflashnews,2024-01-30T15:58:57.000Z,False,"L&T clocks 15% increase in Q3 net profit at Rs 2,947crhttps://filmflash.xyz/2024/01/30/lt-clocks-15-increase-in-q3-net-profit-at-rs-2947cr/…#LarsenTourbo | #LarsenTourboQR | #LarsenTourboNews | ",0,0,0,159,"['#LarsenTourbo', '#LarsenTourboQR', '#LarsenTourboNews']",['@larsentoubro'],[],https://pbs.twimg.com/profile_images/1651424662826483712/UYZQt1zp_normal.png,https://twitter.com/Filmflashnews/status/1752360762184540369,tweet_id:1752360762184540369,"L&T clocks 15% increase in Q3 net profit at Rs 2,947crhttps://filmflash.xyz/2024/01/30/lt-clocks-15-increase-in-q3-net-profit-at-rs-2947cr/…#LarsenTourbo | #LarsenTourboQR | #LarsenTourboNews |"
RupsinghR,@rupsingh_r,2024-01-30T04:49:11.000Z,False,"Larsen&Tourbo, what is expectation?",2,0,3,662,[],[],[],https://abs.twimg.com/sticky/default_profile_images/default_profile_normal.png,https://twitter.com/rupsingh_r/status/1752192210739851450,tweet_id:1752192210739851450,"Larsen&Tourbo, what is expectation?"
Aditya Jadhav,@streetgeniuss,2024-01-21T20:42:21.000Z,False,Large Caps:Larsen and Tourbo Ltd. 3634.50,1,0,1,207,[],[],[],https://pbs.twimg.com/profile_images/1695435501493514240/Os4oNi9O_normal.jpg,https://twitter.com/streetgeniuss/status/1749170591662493931,tweet_id:1749170591662493931,Large Cap:Larsen and Toubro Ltd. 3634.50
Power star Powerstar,@PowerstarP46631,2024-01-21T12:58:30.000Z,False,Larsen Tourbo is preserving the ancient Nagara style of architecture in the desgin of the Ram janmabhoomi Mandir#LnTEngineeringMarvelRamMandir,0,0,0,94,['#LnTEngineeringMarvelRamMandir'],[],[],https://pbs.twimg.com/profile_images/1731658172312829952/l98QnvsU_normal.jpg,https://twitter.com/PowerstarP46631/status/1749053857647518049,tweet_id:1749053857647518049,Larsen Toubro is preserving the ancient Nagara style of architecture in the desgin of the Ram janmabhoomi Mandir#LnTEngineeringMarvelRamMandir
Civil Learning,@CivilLearning1,2024-01-20T02:23:47.000Z,True,"Companies and institutions behind the construction of grand structure of Ram MandirLarsen & TourboTata Consulting Engineers Ltd
Central Building Research Institute
National Geophysical Research Institute
IITGuwahati and Madras",0,0,4,523,[],[],[],https://pbs.twimg.com/profile_images/1717105770125492224/EzV_2gxH_normal.jpg,https://twitter.com/CivilLearning1/status/1748531740489208186,tweet_id:1748531740489208186,"Companies and institutions behind the construction of grand structure of Ram MandirLarsen & TourboTata Consulting Engineers Ltd
Central Building Research Institute
National Geophysical Research Institute
IITGuwahati and Madras"
chirag dave,@chirag_dave11,2024-01-18T14:34:51.000Z,False,Proud of you too…larsen & tourbo. Tx.,0,0,0,133,[],[],[],https://abs.twimg.com/sticky/default_profile_images/default_profile_normal.png,https://twitter.com/chirag_dave11/status/1747990942081286369,tweet_id:1747990942081286369,Proud of you too…larsen & toubro. Tx.
Junsupreme,@RyszardJonski,2024-01-17T20:21:58.000Z,True,"India will begin testing the Zorawar light tank in April 2024.
The Indian-developed Zorawar light tank was jointly developed by Larsen & Tourbo and DRDO.
The tests will be carried out in desert and high mountain areas. The Zorawar light tank has a combat weight of approximately…",2,18,94,12K,[],[],[],https://pbs.twimg.com/profile_images/1512460365917048834/laEvyk3K_normal.jpg,https://twitter.com/RyszardJonski/status/1747715908909318213,tweet_id:1747715908909318213,"India will begin testing the Zorawar light tank in April 2024.
The Indian-developed Zorawar light tank was jointly developed by Larsen & Tourbo and DRDO.
The tests will be carried out in desert and high mountain areas. The Zorawar light tank has a combat weight of approximately…"
TurDef,@turdefcom,2024-01-11T20:32:16.000Z,True,"India Tests Light Tank Combat Zorawar
India has initiated testing for the Zorawar, a domestically developed light tank collaboratively created by Larsen &amp; Tourbo and DRDO.#India #tank #china #test  ",1,4,8,553,"['#India', '#tank', '#china', '#test']","['@adgpi', '@DefenceMinIndia']",['\\U0001f1ee\\U0001f1f3'],https://pbs.twimg.com/profile_images/1512183374533775361/5ZJ8DyY2_normal.png,https://twitter.com/turdefcom/status/1745544172671541684,tweet_id:1745544172671541684,"India Tests Light Tank Combat Zorawar
India has initiated testing for the Zorawar, a domestically developed light tank collaboratively created by Larsen & Tourbo and DRDO.#India #tank #china #test"
sujit Kumar,@sujitkumardas01,2024-01-06T04:10:32.000Z,False,Larsen and tourbo,0,0,0,1.6K,[],[],[],https://pbs.twimg.com/profile_images/1580797260199493632/TFTEesd__normal.jpg,https://twitter.com/sujitkumardas01/status/1743485173524824191,tweet_id:1743485173524824191,Larson and Toubro
IANS,@ians_india,2024-01-05T08:40:58.000Z,True,"An alleged financial fraud of Rs 1.32 crore fraud in #Jharkhand's Drinking Water and Sanitation Department has surfaced.

The fraud came to light when Larsen &Tourbo (L&T) complained about not getting payment for work carried out by it for said Department in 2019-20. When…",0,0,0,363,['#Jharkhand'],[],[],https://pbs.twimg.com/profile_images/1767517198778589184/TMdIPx-S_normal.jpg,https://twitter.com/ians_india/status/1743190841488027974,tweet_id:1743190841488027974,"An alleged financial fraud of Rs 1.32 crore fraud in #Jharkhand's Drinking Water and Sanitation Department has surfaced.

The fraud came to light when Larsen &Tourbo (L&T) complained about not getting payment for work carried out by it for said Department in 2019-20. When…"
S. Lalitha,@Lolita_TNIE,2023-12-30T11:40:28.000Z,True,"#BengalurusuburbanRail Larsen & Tourbo finally handed over Letter of Authorisation to go ahead with const works for Kanaka Line (Heelalige to Rajanakunte) for Rs 1041.51 cr. Deadline ths. It includes 2 crucial alignments, with BMRCL & its corr 1 (in pics) (1/2)",9,35,252,26K,['#BengalurusuburbanRail'],['@NewIndianXpress'],[],https://pbs.twimg.com/profile_images/1565032268418383872/mRc0oai9_normal.jpg,https://twitter.com/Lolita_TNIE/status/1741061688693330132,tweet_id:1741061688693330132,"#BengalurusuburbanRail Larsen & Tourbo finally handed over Letter of Authorisation to go ahead with const works for Kanaka Line (Heelalige to Rajanakunte) for Rs 1041.51 cr. Deadline ths. It includes 2 crucial alignments, with BMRCL & its corr 1 (in pics) (1/2)"
harshitha c,@harshit80022953,2023-12-23T05:08:09.000Z,False,Mine is larsen and tourbo share bought @ 850,1,0,2,100,[],[],[],https://pbs.twimg.com/profile_images/1742817169812103168/dw_vKlg-_normal.jpg,https://twitter.com/harshit80022953/status/1738426242528104813,tweet_id:1738426242528104813,Mine is larsen and toubro share bought @ 850
Typo Master Sunil Kr.,@Mey_Sunil,2023-12-06T12:20:02.000Z,False,Larsen & Tourbo Infotech व L&T TECH का आईपीओ 2016 मे आया था और बहुत समय तक दोनो IPO डिस्काउंट मे लिस्ट होने के बाद बहुत समय तक डिस्काउंट मे ट्रेड करते रहे है आज लगभग 8 गुणा हो चूके,0,1,0,125,[],[],[],https://pbs.twimg.com/profile_images/1407027491743539208/i65lgVBg_normal.jpg,https://twitter.com/Mey_Sunil/status/1732374336047358173,tweet_id:1732374336047358173,"The IPO of Larsen & Tourbo Infotech and L&T TECH came in 2016 and after being listed at a discount, both the IPOs have been trading at a discount for a long time. Today they are almost 8 times higher."
SAGA,@NOMADICTRADER19,2023-12-03T10:09:58.000Z,False,"Why Next L&T??Larsen & Tourbo has been a multibagger and Still a Potential MultibaggerAny dip is a buying opportunity!!
I would rather buy a giant Elephant  rather than small ants  .#nifty50#Investing#stockmarkets #StockMarketindia",1,0,1,290,"['#nifty50', '#Investing', '#stockmarkets', '#StockMarketindia']",[],"['\\U0001f4af', '\\U0001f4af', '\\U0001f4af', '\\U0001f418', '\\U0001f418', '\\U0001f41c', '\\U0001f41c']",https://pbs.twimg.com/profile_images/1691367332696739842/FBCTov53_normal.jpg,https://twitter.com/NOMADICTRADER19/status/1731254439682736159,tweet_id:1731254439682736159,"Why Next L&T??Larsen & Tourbo has been a multibagger and Still a Potential MultibaggerAny dip is a buying opportunity!!
I would rather buy a giant Elephant  rather than small ants  .#nifty50#Investing#stockmarkets #StockMarketindia"
Ishank Garg,@ishank_here,2023-11-28T05:46:16.000Z,False,"LARSEN AND TOURBO LIKE PATTERNSWING STOCK - #ASHOKLEYLAND  

KEEP THIS ON RADAR 
LIKE | RETWEET | FOLLOW   

This is for educational purpose  
Do your own analysis #BREAKOUTSTOCKS #trading #sharemarket #StocksToBuy ",0,0,4,781,"['#ASHOKLEYLAND', '#BREAKOUTSTOCKS', '#trading', '#sharemarket', '#StocksToBuy', '', '', '']",[],"['\\U0001f680', '\\U0001f680', '\\U0001f4f7']",https://pbs.twimg.com/profile_images/1262646487688888320/qOIOb-xO_normal.jpg,https://twitter.com/ishank_here/status/1729376139268010474,tweet_id:1729376139268010474,"LARSEN AND TOURBO LIKE PATTERNSWING STOCK - #ASHOKLEYLAND  

KEEP THIS ON RADAR 
LIKE | RETWEET | FOLLOW   

This is for educational purpose  
Do your own analysis #BREAKOUTSTOCKS #trading #sharemarket #StocksToBuy"
Stock market news tracker_DS,@deepika63379858,2023-11-20T16:40:00.000Z,False,Larsen & Tourbo says its hydrocarbon business has bagged a mega order from a client in Middle East.,0,1,1,88,[],[],[],https://pbs.twimg.com/profile_images/1657812573155123200/RV01NoA1_normal.jpg,https://twitter.com/deepika63379858/status/1726641555187105899,tweet_id:1726641555187105899,Larsen & Toubro says its hydrocarbon business has bagged a mega order from a client in Middle East.
Results&News_Express,@AdviceKp786,2023-11-20T16:00:06.000Z,False,Larsen & Tourbo says its hydrocarbon business has bagged a mega order from a client in Middle East.,0,0,1,73,[],[],[],https://pbs.twimg.com/profile_images/1693121231904448512/fZ_RkCHa_normal.jpg,https://twitter.com/AdviceKp786/status/1726631510827266546,tweet_id:1726631510827266546,Larsen & Toubro says its hydrocarbon business has bagged a mega order from a client in Middle East.
NDTV Profit,@NDTVProfitIndia,2023-11-20T07:51:18.000Z,True,"#Larsen & Tourbo says its hydrocarbon business has bagged a mega order from a client in Middle East. 

Read more ",1,0,3,1.5K,['#Larsen'],[],['\\u2b07\\ufe0f'],https://pbs.twimg.com/profile_images/1740352957135122433/0lVQZFAl_normal.jpg,https://twitter.com/NDTVProfitIndia/status/1726508503332733406,tweet_id:1726508503332733406,"#Larsen & Toubro says its hydrocarbon business has bagged a mega order from a client in Middle East.
Read more"
Index Of India - Tech & Infra,@MagnifyIndia1,2023-11-20T06:41:14.000Z,True, Larsen and Tourbo (L&T) said its hydrocarbon business has bagged a mega order from a client in the Middle East.Order Value - Rs.10000-15000 crores(Not Disclosed Yet)#LT #LarsenandTurbo #MiddleEast #India #infrastructure #Hydrocarbon,0,4,21,2.7K,"['#LT', '#LarsenandTurbo', '#MiddleEast', '#India', '#infrastructure', '#Hydrocarbon']",[],"['\\U0001f6a8', '\\u27a1\\ufe0f', '\\u26a1']",https://pbs.twimg.com/profile_images/1712428683905122304/iB2IO6Gz_normal.jpg,https://twitter.com/MagnifyIndia1/status/1726490868184646078,tweet_id:1726490868184646078,Larsen and Tourbo (L&T) said its hydrocarbon business has bagged a mega order from a client in the Middle East.Order Value - Rs.10000-15000 crores(Not Disclosed Yet)#LT #LarsenandTurbo #MiddleEast #India #infrastructure #Hydrocarbon
NewsDrum,@thenewsdrum,2023-11-20T05:32:55.000Z,True,L&T bags mega order in Middle East#LarsenTourbo #MiddleEast #Business,0,0,0,67,"['#LarsenTourbo', '#MiddleEast', '#Business']",[],[],https://pbs.twimg.com/profile_images/1496472811061518341/Ww_fjyJp_normal.jpg,https://twitter.com/thenewsdrum/status/1726473675447410935,tweet_id:1726473675447410935,L&T bags mega order in Middle East#LarsenTourbo #MiddleEast #Business
MAHESH KUMAR DAGA,@MAHESHDAGA,2023-11-08T03:05:04.000Z,True,"Reading - #Larsen & Tourbo Limited - Bagged order from  Government of Odisha to execute Cluster XXII & Cluster XXV Mega Lift Irrigation Projects. Also secured an add-on order from the Water Resources Department, Government of Madhya Pradesh to execute Pressurized Piped Lift…",0,0,1,227,['#Larsen'],[],[],https://pbs.twimg.com/profile_images/1621460053030219776/C5FrtS33_normal.jpg,https://twitter.com/MAHESHDAGA/status/1722087816547467431,tweet_id:1722087816547467431,"Reading - #Larsen & Tourbo Limited - Bagged order from  Government of Odisha to execute Cluster XXII & Cluster XXV Mega Lift Irrigation Projects. Also secured an add-on order from the Water Resources Department, Government of Madhya Pradesh to execute Pressurized Piped Lift…"
Abhishek Kumar,@Abhishe01520197,2023-11-07T04:34:10.000Z,False,All the best Larsen & Tourbo (L&T),0,0,0,103,[],[],[],https://pbs.twimg.com/profile_images/1469928742860443651/YeM3j14t_normal.png,https://twitter.com/Abhishe01520197/status/1721747851372614104,tweet_id:1721747851372614104,All the best Larsen & Toubro (L&T)
MAHESH KUMAR DAGA,@MAHESHDAGA,2023-11-06T08:58:00.000Z,True,"Reading - #Larsen & Tourbo Limited - Bags Contract to construct the Bhogapuram International Airport, Andhra Pradesh.The project will initially be developed to handle 6 MPA capacity to be further enhanced to a capacity to handle 12 MPA.",0,0,0,182,['#Larsen'],[],[],https://pbs.twimg.com/profile_images/1621460053030219776/C5FrtS33_normal.jpg,https://twitter.com/MAHESHDAGA/status/1721451858403942475,tweet_id:1721451858403942475,"Reading - #Larsen & Tourbo Limited - Bags Contract to construct the Bhogapuram International Airport, Andhra Pradesh.The project will initially be developed to handle 6 MPA capacity to be further enhanced to a capacity to handle 12 MPA."
Index Of India - Tech & Infra,@MagnifyIndia1,2023-11-20T06:41:14.000Z,True, Larsen and Tourbo (L&T) said its hydrocarbon business has bagged a mega order from a client in the Middle East.Order Value - Rs.10000-15000 crores(Not Disclosed Yet)#LT #LarsenandTurbo #MiddleEast #India #infrastructure #Hydrocarbon,0,4,21,2.7K,"['#LT', '#LarsenandTurbo', '#MiddleEast', '#India', '#infrastructure', '#Hydrocarbon']",[],"['\\U0001f6a8', '\\u27a1\\ufe0f', '\\u26a1']",https://pbs.twimg.com/profile_images/1712428683905122304/iB2IO6Gz_normal.jpg,https://twitter.com/MagnifyIndia1/status/1726490868184646078,tweet_id:1726490868184646078,Larsen and Tourbo (L&T) said its hydrocarbon business has bagged a mega order from a client in the Middle East.Order Value - Rs.10000-15000 crores(Not Disclosed Yet)#LT #LarsenandTurbo #MiddleEast #India #infrastructure #Hydrocarbon
Share Bazaar,@sharebazaar01,2023-11-03T10:22:38.000Z,False,"Diwali Stock Picks: Top Stocks in India1.  IT: #TCS, #Infosys, #HCL Tech
2. Financials: #HDFCBank, #ICICIBank , #Kotak Bank
3. Consumer discretionary: Titan, DMart, Bajaj Finance
4. Industrial: #Reliance Industries, Larsen &amp; Tourbo, TataMotors#StockMarketindia #sharebazaar",0,1,2,487,"['#TCS', '#Infosys', '#HCL', '#HDFCBank', '#ICICIBank', '#Kotak', '#Reliance', '#StockMarketindia', '#sharebazaar']",[],"['\\U0001fa94', '\\U0001f447']",https://pbs.twimg.com/profile_images/1702648067571191808/28BcGzJ7_normal.png,https://twitter.com/sharebazaar01/status/1720385991330898039,tweet_id:1720385991330898039,"Diwali Stock Picks: Top Stocks in India1.  IT: #TCS, #Infosys, #HCL Tech
2. Financials: #HDFCBank, #ICICIBank , #Kotak Bank
3. Consumer discretionary: Titan, DMart, Bajaj Finance
4. Industrial: #Reliance Industries, Larsen & Tourbo, TataMotors#StockMarketindia #sharebazaar"
BUY-HOLD-SELL,@BuyHoldSel,2023-11-01T16:48:23.000Z,True,#LT L&T #LARSENTOURBO,0,0,0,69,"['#LT', '#LARSENTOURBO']",[],[],https://pbs.twimg.com/profile_images/1719752211088158720/i9fpuDTh_normal.jpg,https://twitter.com/BuyHoldSel/status/1719758293290369126,tweet_id:1719758293290369126,#LT L&T #LARSENTOURBO
Motilal Oswal Financial Services Ltd,@MotilalOswalLtd,2023-10-31T05:46:53.000Z,True,"#MorningIndia | Your daily News tracker!   gets ""large"" contract Telecom gear manufacturers about incentives  and its rise in advertising budget Tata Motors and WBIDC dispute 

Swipe for more latest updates #LarsenTourbo #MotilalOswal",0,2,4,1K,"['#MorningIndia', '#LarsenTourbo', '#MotilalOswal']","['@larsentoubro', '@HUL_News']","['\\u2615\\ufe0f', '\\u2705', '\\u2705', '\\u2705', '\\u2705']",https://pbs.twimg.com/profile_images/1611253502063579141/mlFiIG3v_normal.jpg,https://twitter.com/MotilalOswalLtd/status/1719229433012519102,tweet_id:1719229433012519102,"#MorningIndia | Your daily News tracker!   gets ""large"" contract Telecom gear manufacturers about incentives  and its rise in advertising budget Tata Motors and WBIDC dispute 

Swipe for more latest updates #LarsenTourbo #MotilalOswal"
Bhuvaneshwari Ram Mohan,@buvii,2023-10-19T17:28:08.000Z,False,"Sanghis please expose the biggest money laundering scam between BJP party and Larsen tourbo conglomerate on the shady deal of building Patel statue, before exposing Bengal politician getting gifts from a businessman. 

Priorities. Jewish bankers conglomerates ",0,0,0,41,[],[],"['\\U0001f97e', '\\U0001f445']",https://pbs.twimg.com/profile_images/1560696437179985921/KkYIRQnQ_normal.jpg,https://twitter.com/buvii/status/1715057254041563302,tweet_id:1715057254041563302,"Sanghis please expose the biggest money laundering scam between BJP party and Larsen tourbo conglomerate on the shady deal of building Patel statue, before exposing Bengal politician getting gifts from a businessman. 

Priorities. Jewish bankers conglomerates"
Construction World,@CWmagazine,2023-10-12T14:08:51.000Z,False,"Congratulations to Hitachi Construction Machinery, Ashoka Buildcon, Larsen & Tourbo, L&T Construction Equipmentfor achieving distinction in the Most Admired Construction Brands category at the 21st Construction World Global Awards 2023!
.
.
.#CWGA #CWGA2023",0,0,2,267,"['#CWGA', '#CWGA2023']",[],[],https://pbs.twimg.com/profile_images/910028725063884800/dXeMs63G_normal.jpg,https://twitter.com/CWmagazine/status/1712470387966329309,tweet_id:1712470387966329309,"Congratulations to Hitachi Construction Machinery, Ashoka Buildcon, Larsen & Tourbo, L&T Construction Equipmentfor achieving distinction in the Most Admired Construction Brands category at the 21st Construction World Global Awards 2023!
.
.
.#CWGA #CWGA2023"
MAHESH KUMAR DAGA,@MAHESHDAGA,2023-10-03T07:37:16.000Z,True,Reading - Larsen & Tourbo Limited - Received order from Municipal Corporation of Greater Mumbai (MCGM) for construction of 4.5 Km long bridge connecting Dahisar and Bhayander. The project will significantly reduce the travel time between Dahisar and Bhayander which currently…,0,0,0,121,[],[],[],https://pbs.twimg.com/profile_images/1621460053030219776/C5FrtS33_normal.jpg,https://twitter.com/MAHESHDAGA/status/1709110353114865782,tweet_id:1709110353114865782,Reading - Larsen & Tourbo Limited - Received order from Municipal Corporation of Greater Mumbai (MCGM) for construction of 4.5 Km long bridge connecting Dahisar and Bhayander. The project will significantly reduce the travel time between Dahisar and Bhayander which currently…
Indian Statistics,@Indian_analys,2023-10-01T16:46:41.000Z,False,Top 5 Highest Paid CEOs of India Mukesh Ambani - Reliance Industries Gopal Vittal - Bharti Airtel CP Gurnani - Tech Mahindra SN Subrahmanyam - Larsen and Tourbo Pawan Munjal - Hero MotoCorp,0,0,4,165,[],[],"['\\U0001f1ee\\U0001f1f3', '\\U0001f1ee\\U0001f1f3', '\\U0001f1ee\\U0001f1f3', '\\U0001f1ee\\U0001f1f3', '\\U0001f1ee\\U0001f1f3']",https://pbs.twimg.com/profile_images/1692847504524738560/UKnX5djC_normal.jpg,https://twitter.com/Indian_analys/status/1708523843147661402,tweet_id:1708523843147661402,Top 5 Highest Paid CEOs of India Mukesh Ambani - Reliance Industries Gopal Vittal - Bharti Airtel CP Gurnani - Tech Mahindra SN Subrahmanyam - Larsen and Tourbo Pawan Munjal - Hero MotoCorp
MAHESH KUMAR DAGA,@MAHESHDAGA,2023-09-29T08:31:45.000Z,True,"Reading - Larsen & Tourbo Limited - secures  Mega order for its Heavy Civil Business from Mumbai Metropolitan Region Development Authority (MMRDA), for the design and construction of an Underground Road tunnel Project between Orange gate, Eastern Free Way to Marine Drive Coastal…",0,0,1,136,[],[],[],https://pbs.twimg.com/profile_images/1621460053030219776/C5FrtS33_normal.jpg,https://twitter.com/MAHESHDAGA/status/1707674512123380086,tweet_id:1707674512123380086,"Reading - Larsen & Tourbo Limited - secures  Mega order for its Heavy Civil Business from Mumbai Metropolitan Region Development Authority (MMRDA), for the design and construction of an Underground Road tunnel Project between Orange gate, Eastern Free Way to Marine Drive Coastal…"
RS,@WithRitesh,2023-09-28T06:32:19.000Z,True,"2020 Covid-

L&T: 800

2022 Sep-

L&T: 3000+Larsen and Tourbo: Building India  

India’s Pride!",0,0,1,464,[],[],['\\U0001f1ee\\U0001f1f3'],https://pbs.twimg.com/profile_images/1765681325603016704/wehNabxZ_normal.jpg,https://twitter.com/WithRitesh/status/1707282069976387816,tweet_id:1707282069976387816,"2020 Covid-

L&T: 800

2022 Sep-

L&T: 3000+Larsen and Turbo: Building India

India’s Pride!"
Ravithesungod ( 拉维),@ravishendarkar,2023-09-27T08:26:49.000Z,False,Every one is recommending  Larsen and Tourbo so nifty is going up dont see any other reason for the increase in nifty specially with monthly expiry on thursday,0,0,0,126,[],[],[],https://pbs.twimg.com/profile_images/1702381943395065857/LiVN4n-J_normal.jpg,https://twitter.com/ravishendarkar/status/1706948496539128179,tweet_id:1706948496539128179,Everyone is recommending Larsen and Toubro in nifty is going up dont see any other reason for the increase in nifty specially with monthly expiry on thursday
Seaul,@Seauls,2023-09-26T06:33:33.000Z,False,#LarsenTourbo - 2928 Res - 2975 SL - 3050 Risky Trade hold for 20 days Buy Oct PE Put Option Target - 2875 / 2850,1,1,1,505,"['#LarsenTourbo', '', '', '']",[],"['\\U0001f449', '\\U0001f449', '\\U0001f449', '\\U0001f449', '\\U0001f449', '\\U0001f449']",https://pbs.twimg.com/profile_images/1079998094543126529/HiWuZyj3_normal.jpg,https://twitter.com/Seauls/status/1706557604661723170,tweet_id:1706557604661723170,#LarsenTourbo - 2928 Res - 2975 SL - 3050 Risky Trade hold for 20 days Buy Oct PE Put Option Target - 2875 / 2850
Ashish B,@AshishB_1,2023-09-21T05:39:40.000Z,False,larsentourbo shortcovering and some IT stocks seen shortcovering,2,1,0,155,[],[],[],https://pbs.twimg.com/profile_images/1586924776161185793/pXhvgfZ__normal.jpg,https://twitter.com/AshishB_1/status/1704732103844540855,tweet_id:1704732103844540855,larsentoubro short covering and some IT stocks see short covering
Abhishek Singh,@Abhishekifs,2023-09-20T08:27:14.000Z,False,"Received today Mr. AR Soni, Executive Vice President, Corporate Affairs of Larsen & Tourbo and accompanying senior management. They briefed about L&T projects in India and abroad.",0,0,3,241,[],[],[],https://pbs.twimg.com/profile_images/1694043257100189701/TlnT59Gf_normal.jpg,https://twitter.com/Abhishekifs/status/1704411886639546836,tweet_id:1704411886639546836,"Received today Mr. AR Soni, Executive Vice President, Corporate Affairs of Larsen & Tourbo and accompanying senior management. They briefed about L&T projects in India and abroad."
Catch the Stock,@stevan1971,2023-09-17T18:13:29.000Z,False,"#MarketUpdate  #Larsen & Tourbo  Buyback Alert!  L&T is offering ₹3,200/share, a 10% premium over the current price of ₹2,908.55.  The buyback window opens from September 18th to September 25th.",0,0,0,246,"['#MarketUpdate', '#Larsen']",[],[],https://pbs.twimg.com/profile_images/1697532594110320640/xu26fuYf_normal.jpg,https://twitter.com/stevan1971/status/1703472254883975269,tweet_id:1703472254883975269,"#MarketUpdate #Larsen & Toubro Buyback Alert! L&T is offering ₹3,200/share, a 10% premium over the current price of ₹2,908.55. The buyback window opens from September 18th to September 25th."
MONEY BOOSTER,@MoneyBooster01,2023-09-15T13:04:30.000Z,False,BEST DEFENCE #STOCKS OF OUR INDIAN MARKET -#HAL#LARSEN & TOURBO LTD#BEML LTD#PARAS DEFENCE & SPACE#BHARATFORGE LTD#COCHIN SHIPYARD LTD#MAZAGON  DOCK#BEL,7,5,18,2.8K,"['#STOCKS', '#HAL', '#LARSEN', '#BEML', '#PARAS', '#BHARATFORGE', '#COCHIN', '#MAZAGON', '#BEL', '', '', '', '', '', '']",[],[],https://pbs.twimg.com/profile_images/1444664887825760256/WXrnowu0_normal.jpg,https://twitter.com/MoneyBooster01/status/1702669720242233850,tweet_id:1702669720242233850,BEST DEFENCE #STOCKS OF OUR INDIAN MARKET -#HAL#LARSEN & TOUBRO LTD#BEML LTD#PARAS DEFENCE & SPACE#BHARATFORGE LTD#COCHIN SHIPYARD LTD#MAZAGON DOCK#BEL
FinAspiration,@FinAspiration,2023-09-13T11:48:24.000Z,True,"  LARSEN AND TOURBO :-  MARKET CAP :- ₹ 4,07,841 Cr. CMP :-  ₹ 2,908 PE :- 36.4 ROCE :- 12.4 % ROE :- 11.7 %Debt to Equity :- 1.35OPM :- 14.2 %",2,13,69,9.9K,[],[],"['\\U0001f6e3', '\\u26a1', '\\u26a1', '\\u26a1', '\\u26a1', '\\u26a1', '\\u26a1', '\\u26a1', '\\U0001f6e3', '\\u26a1', '\\u26a1', '\\u26a1', '\\u26a1']",https://pbs.twimg.com/profile_images/1709611917415780352/2hJfpdjn_normal.jpg,https://twitter.com/FinAspiration/status/1701925794191417633,tweet_id:1701925794191417633,"LARSEN AND TOUBRO :- MARKET CAP :- ₹ 4,07,841 Cr. CMP :- ₹ 2,908 PE :- 36.4 ROCE :- 12.4 % ROE :- 11.7 %Debt to Equity :- 1.35OPM :- 14.2 %"
Somesh Malik,@Somesh83maliq,2023-09-10T17:36:57.000Z,False,"After G20
Main share thatay run
Praj indLarsen & tourboReliance
Kpit",0,1,3,362,[],[],[],https://pbs.twimg.com/profile_images/1766692646091907072/gK97upsr_normal.jpg,https://twitter.com/Somesh83maliq/status/1700926345981898780,tweet_id:1700926345981898780,"After G20
Main share thatay run
Praj indLarsen & tourboReliance
Kpit"
BJP Sashi Kumar Subramony (Modi Ka Pariwar),@ActorSashi,2023-09-08T09:38:04.000Z,False,"Larsen & Tourbo wins HUGE ORDER of 2 Packages from Saudi Aramco 

Total Order win is $3.9 bn i.e. Rs 32,000 crores!! 

Package 1– gas processing plant and main process units–$2.9bn: L&T Energy Hydrocarbon (India)

Package 3 – gas compression units – $1bn: L&T Energy Hydrocarbon.",1,3,5,416,[],[],[],https://pbs.twimg.com/profile_images/1700137245938991104/Aw7SnBx-_normal.jpg,https://twitter.com/ActorSashi/status/1700081054613430677,tweet_id:1700081054613430677,"Larsen & Tourbo wins HUGE ORDER of 2 Packages from Saudi Aramco 

Total Order win is $3.9 bn i.e. Rs 32,000 crores!! 

Package 1– gas processing plant and main process units–$2.9bn: L&T Energy Hydrocarbon (India)

Package 3 – gas compression units – $1bn: L&T Energy Hydrocarbon."
NTV Telugu,@NtvTeluguLive,2023-09-08T03:43:03.000Z,True,చంద్రయాన్ 3 గ్రాండ్ సక్సెస్.. సౌదీ అరేబియా నుండి రూ. 33 వేల కోట్ల ఆర్డర్‌#Chandrayaan3 #LarsenTourbo #SaudiAramco #NTVTelugu,0,0,1,575,"['#Chandrayaan3', '#LarsenTourbo', '#SaudiAramco', '#NTVTelugu']",[],[],https://pbs.twimg.com/profile_images/902853206094385153/zGWCBDgH_normal.jpg,https://twitter.com/NtvTeluguLive/status/1699991712880570429,tweet_id:1699991712880570429,Chandrayaan 3 Grand Success.. From Saudi Arabia Rs. 33 thousand crore order #Chandrayaan3 #LarsenTourbo #SaudiAramco #NTVTelugu
Stock market news tracker_DS,@deepika63379858,2023-09-07T15:09:33.000Z,False,"Larsen & Tourbo wins HUGE ORDER of 2 Package from Saudi Aramco 

Total Order win is $3.9 bn i.e. Rs 32,000 crores!! 

Package 1 – gas processing plant and main process units – $2.9bn: L&T Energy Hydrocarbon (India)

Package 3 – gas compression units – $1bn: L&T Energy Hydrocarbon",0,0,1,150,[],[],[],https://pbs.twimg.com/profile_images/1657812573155123200/RV01NoA1_normal.jpg,https://twitter.com/deepika63379858/status/1699802089751531934,tweet_id:1699802089751531934,"Larsen & Tourbo wins HUGE ORDER of 2 Package from Saudi Aramco 

Total Order win is $3.9 bn i.e. Rs 32,000 crores!! 

Package 1 – gas processing plant and main process units – $2.9bn: L&T Energy Hydrocarbon (India)

Package 3 – gas compression units – $1bn: L&T Energy Hydrocarbon"
Deepak PadhiyarBJP (मोदी का परिवार),@DeepPadhiyarBJP,2023-09-07T11:15:42.000Z,True,"Larsen & Tourbo wins HUGE ORDER of 2 Packages from Saudi Aramco 

Total Order win is $3.9 bn i.e. Rs 32,000 crores!! 

Package 1 – gas processing plant and main process units – $2.9bn: L&T Energy Hydrocarbon (India)

Package 3 – gas compression units – $1bn: L&T Energy…",0,0,1,127,[],[],[],https://pbs.twimg.com/profile_images/1700229336727695361/U107zPfA_normal.jpg,https://twitter.com/DeepPadhiyarBJP/status/1699743240738799931,tweet_id:1699743240738799931,"Larsen & Tourbo wins HUGE ORDER of 2 Packages from Saudi Aramco 

Total Order win is $3.9 bn i.e. Rs 32,000 crores!! 

Package 1 – gas processing plant and main process units – $2.9bn: L&T Energy Hydrocarbon (India)

Package 3 – gas compression units – $1bn: L&T Energy…"
Tridib Bordoloi (Modi Ka Parivar),@tridib_bordoloi,2023-09-07T11:04:30.000Z,False,"Larsen & Tourbo wins HUGE ORDER of 2 Packages from Saudi Aramco 
Total Order win is $3.9 bn i.e. Rs 32,000 crores!! 
Package 1 – gas processing plant and main process units – $2.9bn: L&T Energy Hydrocarbon (India)
Package 3 – gas compression units – $1bn: L&T Energy Hydrocarbon",0,0,0,157,[],[],[],https://pbs.twimg.com/profile_images/1748686799151763456/9gtvUo4Z_normal.jpg,https://twitter.com/tridib_bordoloi/status/1699740419775709609,tweet_id:1699740419775709609,"Larsen & Tourbo wins HUGE ORDER of 2 Packages from Saudi Aramco 
Total Order win is $3.9 bn i.e. Rs 32,000 crores!! 
Package 1 – gas processing plant and main process units – $2.9bn: L&T Energy Hydrocarbon (India)
Package 3 – gas compression units – $1bn: L&T Energy Hydrocarbon"
Akshit katyal,@AkshitKatyal2,2023-09-07T07:49:05.000Z,False,"Larsen & Tourbo wins HUGE ORDER of 2 Packages from Saudi Aramco 

Total Order win is $3.9 bn i.e. 32,000 crores!! 

Package 1 – gas processing plant and main process units – $2.9bn: L&T Energy Hydrocarbon (India)

Package 3 – gas compression units – $1bn: L&T Energy Hydrocarbon",0,0,0,147,[],[],[],https://pbs.twimg.com/profile_images/1665284958691430407/6ETA_e7h_normal.jpg,https://twitter.com/AkshitKatyal2/status/1699691243922723233,tweet_id:1699691243922723233,"Larsen & Tourbo wins HUGE ORDER of 2 Packages from Saudi Aramco 

Total Order win is $3.9 bn i.e. 32,000 crores!! 

Package 1 – gas processing plant and main process units – $2.9bn: L&T Energy Hydrocarbon (India)

Package 3 – gas compression units – $1bn: L&T Energy Hydrocarbon"
Sahil Pahwa,@Sahilpahwa09,2023-09-07T05:40:28.000Z,True,"Reaching to its target!!!!
2200 - - >> 2787#LarsenTourbo #LT",2,0,9,3.2K,"['#LarsenTourbo', '#LT']",[],[],https://pbs.twimg.com/profile_images/1517375235611267072/oX2zTeal_normal.jpg,https://twitter.com/Sahilpahwa09/status/1699658874624586079,tweet_id:1699658874624586079,"Reaching to its target!!!!
2200 - - >> 2787#LarsenTourbo #LT"
Anant,@Anant43657086,2023-09-07T05:22:21.000Z,False,"Larsen & Tourbo wins HUGE ORDER of 2 Packages from Saudi Aramco .
Total Order win is $3.9 bn i.e. Rs 32,000 crores!! #LT #LarsenTourbo",3,0,1,154,"['#LT', '#LarsenTourbo']",[],[],https://pbs.twimg.com/profile_images/1274998178362818561/Qi8IH4QO_normal.jpg,https://twitter.com/Anant43657086/status/1699654314581721339,tweet_id:1699654314581721339,"Larsen & Toubro wins HUGE ORDER of 2 Packages from Saudi Aramco .
Total Order win is $3.9 bn i.e. Rs 32,000 crore!! #LT #LarsenTourbo"
Dr. Mukul Agrawal,@themukulagrawal,2023-09-07T05:18:08.000Z,False,"sources- Larsen & Tourbo wins HUGE ORDER of 2 Packages from Saudi Aramco  Total Order win is $3.9 bn i.e. Rs 32,000 crores!!",2,4,42,4.6K,[],[],[],https://pbs.twimg.com/profile_images/1692364891884027905/Piau4yDG_normal.jpg,https://twitter.com/themukulagrawal/status/1699653253082820922,tweet_id:1699653253082820922,"sources- Larsen & Toubro wins HUGE ORDER of 2 Packages from Saudi Aramco Total Order win is $3.9 bn i.n. Rs 32,000 crore!!"
Yatin Mota,@YatinMota,2023-09-07T05:08:55.000Z,True,"Larsen & Tourbo wins HUGE ORDER of 2 Packages from Saudi Aramco 

Total Order win is $3.9 bn i.e. Rs 32,000 crores!! 

Package 1 – gas processing plant and main process units – $2.9bn: L&T Energy Hydrocarbon (India)

Package 3 – gas compression units – $1bn: L&T Energy…",6,60,583,131K,[],[],[],https://pbs.twimg.com/profile_images/1559562392195022848/cHhk_sBO_normal.jpg,https://twitter.com/YatinMota/status/1699650934996082688,tweet_id:1699650934996082688,"Larsen & Tourbo wins HUGE ORDER of 2 Packages from Saudi Aramco 

Total Order win is $3.9 bn i.e. Rs 32,000 crores!! 

Package 1 – gas processing plant and main process units – $2.9bn: L&T Energy Hydrocarbon (India)

Package 3 – gas compression units – $1bn: L&T Energy…"
ShyamKumar s,@wapkerala,2023-09-04T03:22:05.000Z,False,Larsen & Tourbo,0,0,0,482,[],[],[],https://pbs.twimg.com/profile_images/1472090007443623938/ZH9ER5Q3_normal.jpg,https://twitter.com/wapkerala/status/1698536884014833927,tweet_id:1698536884014833927,Larsen & Turbo
JD,@jaimindesai30,2023-08-28T12:59:00.000Z,False,will larsen and tourbo buyback be as fast as this. i am willing to apply,1,0,1,123,[],[],[],https://pbs.twimg.com/profile_images/1681946401448796161/e7EI_Ov6_normal.jpg,https://twitter.com/jaimindesai30/status/1696145357695263152,tweet_id:1696145357695263152,will larsen and toubro buyback be as fast as this. i am willing to apply
Insights | Integration,@con_nectinder,2023-08-26T12:02:33.000Z,False,"4. ITER:

-International Thermonuclear Exp Reactor.
-Advancing nuclear fusion tech
-(9.1% Share): ITER cryostat is manufactured by #India (Larsen and Tourbo)
-Loc: France

5. LIGO:

-Laser Interferometer Gravitational-Wave Observatory
-Detecting cosmic ripples, black holes",2,0,2,240,['#India'],[],"['\\U0001f525', '\\U0001f1ee\\U0001f1f3', '\\U0001f31f']",https://pbs.twimg.com/profile_images/1689702318382731264/7ERWnlN__normal.jpg,https://twitter.com/con_nectinder/status/1695406374325559482,tweet_id:1695406374325559482,"4. ITER:

-International Thermonuclear Exp Reactor.
-Advancing nuclear fusion tech
-(9.1% Share): ITER cryostat is manufactured by #India (Larsen and Tourbo)
-Loc: France

5. LIGO:

-Laser Interferometer Gravitational-Wave Observatory
-Detecting cosmic ripples, black holes"
Curious Rincy,@Curiousrincy,2023-08-25T16:34:46.000Z,False,"We all know now our Bharat is the First Nation who is going to explore #chandamamaFor this success, besides ISRO there are some companies behind it.

1. Larsen and Tourbo; This company provided crucial components for the launch vehicle of #Chandrayaan3Success",1,0,1,105,"['#chandamama', '#Chandrayaan3Success']",[],[],https://pbs.twimg.com/profile_images/1650814336502484994/m_PGz2Wh_normal.jpg,https://twitter.com/Curiousrincy/status/1695112494006817083,tweet_id:1695112494006817083,"We all know now our Bharat is the First Nation who is going to explore #chandamamaFor this success, besides ISRO there are some companies behind it.

1. Larsen and Tourbo; This company provided crucial components for the launch vehicle of #Chandrayaan3Success"
Shaik Meheraj,@MeherajSha16539,2023-08-25T05:20:11.000Z,False,  Larsen tourbo date likhlo Aaj 5k akki date tk kisi ka pesa disbmnt nhi hoga meri gurnteed froud compny he bharosa nhi he ispe,0,0,0,69,[],['@larsentoubro'],[],https://pbs.twimg.com/profile_images/1669275071742087168/tfbICeIL_normal.png,https://twitter.com/MeherajSha16539/status/1694942728092631451,tweet_id:1694942728092631451,"Write Larsen Turbo date today no one's money will be disbursed till 5th date, my guarantee is fraud company, do not trust it."
Shaik Meheraj,@MeherajSha16539,2023-08-25T05:17:36.000Z,False, Larsen tourbo kabhi tk kisi ka loan disbursement nhi hua bs fake he kal application apply kiy Aaj tk amount nhi aya aap sab dekho kesi froudist company he bewakuf mat banaya kro,0,0,0,61,[],['@larsentoubro'],[],https://pbs.twimg.com/profile_images/1669275071742087168/tfbICeIL_normal.png,https://twitter.com/MeherajSha16539/status/1694942077291815113,tweet_id:1694942077291815113,"Larsen Tourbo never made anyone's loan disbursement a fake, he applied for it yesterday, today tk the amount did not come, you all looked at some fraudulent company, he fooled you."
venkat,@Venkat57026245,2023-08-24T11:12:27.000Z,False,"Larsen and Tourbo's aerospace wing, Mishra Dhatu Nigam, Bharat Heavy Electricals, MTAR Technologies,Godrej Aerospace, Ankit Aerospace,HAL and Walchandnagar Industries played crucial roles in supplying components and materials for the mission.
Read/watch standard news media.",0,0,0,237,[],[],[],https://pbs.twimg.com/profile_images/1553984227393171456/Jkbhw_jw_normal.jpg,https://twitter.com/Venkat57026245/status/1694668989006594325,tweet_id:1694668989006594325,"Larsen and Tourbo's aerospace wing, Mishra Dhatu Nigam, Bharat Heavy Electricals, MTAR Technologies,Godrej Aerospace, Ankit Aerospace,HAL and Walchandnagar Industries played crucial roles in supplying components and materials for the mission.
Read/watch standard news media."
Surajit Bhowmik,@iamsbhowmik,2023-08-24T03:38:39.000Z,False,"Stocks which are part of
 Chandrayaan making.http://kinginvestment.in Larsen and tourboHal
Bel
Mtar
Paras defence
Tata elsxi
Centum electronic
Paras defence
Linde India
Walchandnagar.",0,0,0,168,"['', '']",[],"['\\U0001f31d', '\\U0001f31d', '\\U0001f31d', '\\U0001f31d', '\\U0001f31d', '\\U0001f31d', '\\U0001f31d', '\\U0001f31d', '\\U0001f680', '\\U0001f680', '\\U0001f680', '\\U0001f680', '\\U0001f680', '\\U0001f680', '\\U0001f680', '\\U0001f680', '\\U0001f49a', '\\U0001f49a', '\\U0001f49a', '\\U0001f49a', '\\U0001f49a', '\\U0001f49a', '\\U0001f49a', '\\U0001f49a']",https://pbs.twimg.com/profile_images/1563363843929444352/9wdKWxnM_normal.jpg,https://twitter.com/iamsbhowmik/status/1694554788904550445,tweet_id:1694554788904550445,"Stocks which are part of
 Chandrayaan Making.http://kinginvestment.in Larsen and TurboHal
Bel
Mtar
For defence
Father elsxi
Centum Electronics
For defence
Beautiful India
Walchandnagar."
vijai.ramdas,@vijairamadas,2023-08-24T01:35:37.000Z,False,"Et now-Private sector companies such as Larsen and Tourbo's aerospace wing, Mishra Dhatu Nigam, Bharat Heavy Electricals, MTAR Technologies, Godrej Aerospace, Ankit Aerospace, and Walchandnagar Industries played crucial roles in supplying components and materials for the missio",0,0,0,939,[],[],[],https://pbs.twimg.com/profile_images/1322880781115559936/iyX-TXtH_normal.jpg,https://twitter.com/vijairamadas/status/1694523825936101423,tweet_id:1694523825936101423,"Et now-Private sector companies such as Larsen and Tourbo's aerospace wing, Mishra Dhatu Nigam, Bharat Heavy Electricals, MTAR Technologies, Godrej Aerospace, Ankit Aerospace, and Walchandnagar Industries played crucial roles in supplying components and materials for the missio"
Maddy,@agrmadhur123,2023-08-23T08:48:24.000Z,True,"Here's the list of some of the companies that contributed to the successful launch of #Chandrayaan3 Source:  Larsen & Tourbo (L&T):

L&T supplied important components for Chandrayaan-3. The company adhered to the stringent quality and timeline requirements for the…",0,0,1,245,['#Chandrayaan3'],['@editorji'],['\\U0001f447'],https://pbs.twimg.com/profile_images/1696100725107879936/OFMh2DBo_normal.jpg,https://twitter.com/agrmadhur123/status/1694270351390527949,tweet_id:1694270351390527949,"Here's the list of some of the companies that contributed to the successful launch of #Chandrayaan3 Source:  Larsen & Tourbo (L&T):

L&T supplied important components for Chandrayaan-3. The company adhered to the stringent quality and timeline requirements for the…"
SUVO,@Subhakumar87,2023-08-23T08:02:57.000Z,False,"Stocks Related to #Chandrayaan32/52. Larsen &amp; TourboCPM : ₹2717
PE : 34
DIV : 0.90%
ROCE : 12.4
ROE : 11.7",1,0,0,119,['#Chandrayaan3'],[],"['\\U0001f1ee\\U0001f1f3', '\\U0001f447', '\\U0001f5e3\\ufe0f']",https://pbs.twimg.com/profile_images/1663096638641156098/N7gl33Z9_normal.jpg,https://twitter.com/Subhakumar87/status/1694258911774417318,tweet_id:1694258911774417318,"Stocks Related to #Chandrayaan32/52. Larsen & TourboCPM : ₹2717
PE : 34
DIV : 0.90%
ROCE : 12.4
ROE : 11.7"
InvestOnline.in,@investonline_in,2023-08-23T06:39:59.000Z,False,"M A R K E T U P D A T E 
Spot gold has support at $1888 and resistance at $1912. The MCX Gold October future is expected to trade in a range of 58250 to 58780.#InvestOnline #Sensex #Nifty #piramalenterprises #Larsentourbo #Goldprice #India",0,0,0,162,"['#InvestOnline', '#Sensex', '#Nifty', '#piramalenterprises', '#Larsentourbo', '#Goldprice', '#India']",[],[],https://pbs.twimg.com/profile_images/1261969832976633856/gBy6aECs_normal.jpg,https://twitter.com/investonline_in/status/1694238035322241460,tweet_id:1694238035322241460,"M A R K E T U P D A T E 
Spot gold has support at $1888 and resistance at $1912. The MCX Gold October future is expected to trade in a range of 58250 to 58780.#InvestOnline #Sensex #Nifty #piramalenterprises #Larsentourbo #Goldprice #India"
InvestOnline.in,@investonline_in,2023-08-23T06:39:38.000Z,False,"M A R K E T U P D A T E Larsen & Toubro touched a 52-week high of Rs 2,725.75 and quoting at Rs 2,710.25, up Rs 30.75, or 1.15 percent on the BSE.#InvestOnline #Sensex #Nifty #piramalenterprises #Larsentourbo #Goldprice #India",0,0,0,172,"['#InvestOnline', '#Sensex', '#Nifty', '#piramalenterprises', '#Larsentourbo', '#Goldprice', '#India']",[],[],https://pbs.twimg.com/profile_images/1261969832976633856/gBy6aECs_normal.jpg,https://twitter.com/investonline_in/status/1694237947812294769,tweet_id:1694237947812294769,"M A R K E T U P D A T E Larsen & Toubro touched a 52-week high of Rs 2,725.75 and quoting at Rs 2,710.25, up Rs 30.75, or 1.15 percent on the BSE.#InvestOnline #Sensex #Nifty #piramalenterprises #Larsentourbo #Goldprice #India"
MAHESH KUMAR DAGA,@MAHESHDAGA,2023-08-22T10:21:19.000Z,True,"Reading - Larsen & Tourbo Limited - The Saipem & Clough JV (SCJV), Australia has awarded a contract for fabrication and supply of process and piperack modules for a 2.3 MMTPA urea plant for Perdaman Chemicals and Fertilisers Pty Ltd to L&T Energy Hydrocarbon. On completion, this…",0,0,1,155,[],[],[],https://pbs.twimg.com/profile_images/1621460053030219776/C5FrtS33_normal.jpg,https://twitter.com/MAHESHDAGA/status/1693931346031517907,tweet_id:1693931346031517907,"Reading - Larsen & Tourbo Limited - The Saipem & Clough JV (SCJV), Australia has awarded a contract for fabrication and supply of process and piperack modules for a 2.3 MMTPA urea plant for Perdaman Chemicals and Fertilisers Pty Ltd to L&T Energy Hydrocarbon. On completion, this…"
swingking,@DharshanGnanha,2023-08-07T17:23:45.000Z,False,"How did u omit ircon ,rites ,engineers India in psu and Larsen and tourbo in private sector they are much more important than one in the list and how will irctc benefit it is just running the trains and not in construction u need to improve unr analysis to a great extent ",1,0,2,206,[],[],['\\U0001f602'],https://pbs.twimg.com/profile_images/1509574450429444102/g4wr1W_K_normal.png,https://twitter.com/DharshanGnanha/status/1688601838084620288,tweet_id:1688601838084620288,"How did u omit ircon ,rites ,engineers India in psu and Larsen and tourbo in private sector they are much more important than one in the list and how will irctc benefit it is just running the trains and not in construction u need to improve unr analysis to a great extent"
ಬೆಂಗಳೂರು TrainUsers,@bengalurutrains,2023-08-01T13:34:47.000Z,False,Bengaluru Suburban Railway Project#WorkInProgress#LarsenTourbo #Hebbal #Banaswadi,1,14,142,9.3K,"['#WorkInProgress', '#LarsenTourbo', '#Hebbal', '#Banaswadi']",[],[],https://pbs.twimg.com/profile_images/1350473123771023360/cjwOwbUf_normal.jpg,https://twitter.com/bengalurutrains/status/1686369890180227074,tweet_id:1686369890180227074,Bengaluru Suburban Railway Project#WorkInProgress#LarsenTourbo #Hebbal #Banaswadi
Sovrenn,@sovrennofficial,2023-07-25T10:33:46.000Z,True,"Clientele of the company includes Engineers India Limited, Schneider Electric, Bharat Bijlee, Dabur, Siemens, Larsen & Tourbo, Indian Railways, TATA, Cello, Power Grid, Torrent Power, Dr. Reddy's etc.

Try http://sovrenn.com @ INR 400 for 2 months",1,0,3,406,[],['@sovrennofficial'],[],https://pbs.twimg.com/profile_images/1660201830973083648/U8MCwiYo_normal.jpg,https://twitter.com/sovrennofficial/status/1683787617975009280,tweet_id:1683787617975009280,"Clientele of the company includes Engineers India Limited, Schneider Electric, Bharat Bijlee, Dabur, Siemens, Larsen & Tourbo, Indian Railways, TATA, Cello, Power Grid, Torrent Power, Dr. Reddy's etc.

Try http://sovrenn.com @ INR 400 for 2 months"
Haldilal,@haldilal,2023-07-23T10:25:09.000Z,False,"The Construction Update on the Navi Mumbai/Pune International Airport Terminal phase 1, at Ulwe, NAVI MUMBAI, MMR. Architect: Zaha Hadid Architect. Promoters: AADML+CIDCO. Civil: Larsen & Tourbo. Status: Under Construction. Completion: Q4 2024 stated. : Respective Owners.",17,36,337,64K,[],[],['\\U0001f4f7'],https://pbs.twimg.com/profile_images/1763154929827356672/SeMi2_yx_normal.jpg,https://twitter.com/haldilal/status/1683060674732208129,tweet_id:1683060674732208129,"The Construction Update on the Navi Mumbai/Pune International Airport Terminal phase 1, at Ulwe, NAVI MUMBAI, MMR. Architect: Zaha Hadid Architect. Promoters: AADML+CIDCO. Civil: Larsen & Tourbo. Status: Under Construction. Completion: Q4 2024 stated. : Respective Owners."
Sovrenn,@sovrennofficial,2023-07-21T12:34:07.000Z,True,"#Client Marquee client of the company includes Larsen & Tourbo Ltd., L & T Geostructure Pvt Ltd., State Bank of India, Prosol IT, Ashok Leyland Ltd., Think & Learn Pvt Ltd., Mahindra Aerostructures Pvt. Ltd.

Try http://sovrenn.com @ INR 400 for 2 months.",1,0,0,202,['#Client'],['@sovrennofficial'],[],https://pbs.twimg.com/profile_images/1660201830973083648/U8MCwiYo_normal.jpg,https://twitter.com/sovrennofficial/status/1682368354043203585,tweet_id:1682368354043203585,"#Client Marquee client of the company includes Larsen & Tourbo Ltd., L & T Geostructure Pvt Ltd., State Bank of India, Prosol IT, Ashok Leyland Ltd., Think & Learn Pvt Ltd., Mahindra Aerostructures Pvt. Ltd.

Try http://sovrenn.com @ INR 400 for 2 months."
Artha Capital,@CapitalArtha,2023-07-21T07:50:10.000Z,True,#Marine receives new orders worth 29.95 crores from Larsen & Tourbo and Sundaram Clayton!,1,3,7,1.1K,['#Marine'],[],[],https://pbs.twimg.com/profile_images/1636994522893910017/GIEVh2hf_normal.jpg,https://twitter.com/CapitalArtha/status/1682296896008900611,tweet_id:1682296896008900611,#Marine receives new orders worth 29.95 crore from Larsen & Toubro and Sundaram Clayton!
jagmohan singh Chahar,@jagmoha15637795,2023-07-19T01:04:29.000Z,False,"L&T(Larsen and tourbo Infotech) and http://Mindtree.It services companies Report a profit of Rs 1,152 Crore.Representing a 3.4% quarter On quarter increase....",0,1,1,73,[],[],[],https://pbs.twimg.com/profile_images/1559825799733465088/HZJ_fvoQ_normal.jpg,https://twitter.com/jagmoha15637795/status/1681470029441773569,tweet_id:1681470029441773569,"L&T(Larsen and toubro Infotech) and http://Mindtree.It services companies Report a profit of Rs 1,152 Crore.Representing a 3.4% quarter On quarter increase...."
Ragini Sahu(mishpanstockguideshorts),@raginisahu2007,2023-07-18T09:44:55.000Z,False,"#lt: Larsen &tourbo new orders in Water treatment segment.
SUBSCRIBE youtube channel @mishpanstockguide",0,0,0,84,['#lt'],[],[],https://pbs.twimg.com/profile_images/1687710298470285312/yFpj4E0f_normal.jpg,https://twitter.com/raginisahu2007/status/1681238611407278082,tweet_id:1681238611407278082,"#lt: Larsen &tourbo new orders in Water treatment segment.
SUBSCRIBE youtube channel @mishpanstockguide"
Ragini Sahu(mishpanstockguideshorts),@raginisahu2007,2023-07-16T15:54:14.000Z,False,"#Larsen &Tourbo is engaged in EPC projects, Hi tech manufacturing &services. subscribe youtube channel @mishpanstockguide",0,0,0,120,['#Larsen'],[],[],https://pbs.twimg.com/profile_images/1687710298470285312/yFpj4E0f_normal.jpg,https://twitter.com/raginisahu2007/status/1680606778516717568,tweet_id:1680606778516717568,"#Larsen &Tourbo is engaged in EPC projects, Hi tech manufacturing &services. subscribe youtube channel @mishpanstockguide"
Ragini Sahu(mishpanstockguideshorts),@raginisahu2007,2023-07-16T15:43:42.000Z,False,"#Larsen &Tourbo Powers ISRO's Moon Mission-Chandrayaann3.
Visit youtube channel @mishpanstockguide",0,0,1,129,['#Larsen'],[],[],https://pbs.twimg.com/profile_images/1687710298470285312/yFpj4E0f_normal.jpg,https://twitter.com/raginisahu2007/status/1680604128035344390,tweet_id:1680604128035344390,"#Larsen &Tourbo Powers ISRO's Moon Mission-Chandrayaann3.
Visit youtube channel @mishpanstockguide"
Swarajya,@SwarajyaMag,2023-07-14T06:59:00.000Z,True,"Larsen & Toubro and NCC Ltd are in the race to build the 31-km Hyderabad Airport Metro after bids were opened on Thursday

The Rs 5,688 crore tender involves design and construction of all the civil structures.#HyderabadAirportMetro#LarsenTourbo#NCC",0,2,12,1.6K,"['#HyderabadAirportMetro', '#LarsenTourbo', '#NCC']",[],[],https://pbs.twimg.com/profile_images/510470436920893440/kd15XOx9_normal.png,https://twitter.com/SwarajyaMag/status/1679747304264470529,tweet_id:1679747304264470529,"Larsen & Toubro and NCC Ltd are in the race to build the 31-km Hyderabad Airport Metro after bids were opened on Thursday

The Rs 5,688 crore tender involves design and construction of all the civil structures.#HyderabadAirportMetro#LarsenTourbo#NCC"
"Jitesh, an Author",@jitesh_business,2023-07-12T05:28:50.000Z,False,"I think, it was made by Larsen & Tourbo",0,0,1,121,[],[],[],https://pbs.twimg.com/profile_images/696925887/Image1029_normal.jpg,https://twitter.com/jitesh_business/status/1678999840473354240,tweet_id:1678999840473354240,"I think, it was made by Larsen & Toubro"
Swarajya,@SwarajyaMag,2023-07-11T07:14:15.000Z,True,"US Navy ship Salvor, arrived at L&T's Kattupalli shipyard on Monday (10 July) for repairs.

The arrival of the USNS Salvor marks the first ship to undergo repairs under the newly signed Master Ship Repair Agreement between L&T and US Navy.#LarsenTourbo",0,5,13,2K,['#LarsenTourbo'],[],[],https://pbs.twimg.com/profile_images/510470436920893440/kd15XOx9_normal.png,https://twitter.com/SwarajyaMag/status/1678663979110129664,tweet_id:1678663979110129664,"US Navy ship Salvor, arrived at L&T's Kattupalli shipyard on Monday (10 July) for repairs.

The arrival of the USNS Salvor marks the first ship to undergo repairs under the newly signed Master Ship Repair Agreement between L&T and US Navy.#LarsenTourbo"
Ragini Sahu(mishpanstockguideshorts),@raginisahu2007,2023-07-10T15:51:17.000Z,False,# Larsen&Tourbo is collaborating with Navantia.https://youtube.com/shorts/2SYC32wk9m8?feature=share…,0,0,0,64,[],[],[],https://pbs.twimg.com/profile_images/1687710298470285312/yFpj4E0f_normal.jpg,https://twitter.com/raginisahu2007/status/1678431707274395653,tweet_id:1678431707274395653,# Larsen&Tourbo is collaborating with Navantia.https://youtube.com/shorts/2SYC32wk9m8?feature=share…
Ravithesungod ( 拉维),@ravishendarkar,2023-07-10T09:15:22.000Z,False,Larsen and Tourbo has signed a teaming agreement with swedish company Navinta to submit bid for Indian Navy for Submarine /,0,0,1,522,[],[],[],https://pbs.twimg.com/profile_images/1702381943395065857/LiVN4n-J_normal.jpg,https://twitter.com/ravishendarkar/status/1678332070895185920,tweet_id:1678332070895185920,Larsen and Toubro has signed a teaming agreement with swedish company Navinta to submit bid for Indian Navy for Submarine /
blinkX,@getblinkx,2023-07-10T06:00:17.000Z,True,"Larsen & Toubro Ltd (L&T) successfully transitioned a $150 million term loan with Bank of America to a Sustainability Linked Loan (SLL) on June 30, 2023.

Click the link to read more - https://blinkx.in/news/company/l-t-concludes-150-million-loan-transition-with-bank-of-america-into-sll… #LnT #larsentourbo #nifty50 #Bankofamerica #trending #news…",0,0,3,158,"['#LnT', '#larsentourbo', '#nifty50', '#Bankofamerica', '#trending', '#news']",[],[],https://pbs.twimg.com/profile_images/1679022335406542848/me1Mnm1c_normal.jpg,https://twitter.com/getblinkx/status/1678282976524914688,tweet_id:1678282976524914688,"Larsen & Toubro Ltd (L&T) successfully transitioned a $150 million term loan with Bank of America to a Sustainability Linked Loan (SLL) on June 30, 2023.

Click the link to read more - https://blinkx.in/news/company/l-t-concludes-150-million-loan-transition-with-bank-of-america-into-sll… #LnT #larsentourbo #nifty50 #Bankofamerica #trending #news…"
Dheeraj Sharma,@emdheerajsharma,2023-07-09T13:54:51.000Z,False,"My whole life was a lie?

It's Larsen and Toubro and not Larsen and Tourbo",0,0,1,94,[],[],[],https://pbs.twimg.com/profile_images/1294842331867168769/OL9xiN0a_normal.jpg,https://twitter.com/emdheerajsharma/status/1678040020203229184,tweet_id:1678040020203229184,"My whole life was a lie?
It's Larsen and Toubro and not Larsen and Toubro"
KA,@KA_charts,2023-06-30T09:48:40.000Z,False,Larsen and Tourbo -- what a move and strength.#l_t,2,0,36,4K,['#l_t'],[],[],https://pbs.twimg.com/profile_images/1143124286036533250/JewcWtYl_normal.jpg,https://twitter.com/KA_charts/status/1674716575104901121,tweet_id:1674716575104901121,Larsen and Toubro -- what a move and strength.#l_t
shrenik,@shrenik1984,2023-06-29T11:13:21.000Z,False,"MTAR
BHELLARSEN AND TOURBO",0,0,5,889,[],[],[],https://pbs.twimg.com/profile_images/1428173845349822467/EYFYpe9Y_normal.jpg,https://twitter.com/shrenik1984/status/1674375495012749313,tweet_id:1674375495012749313,"MATAR
BHEL LARSEN AND TOUBRO"
Puneet Joshi,@puneetjoshi7687,2023-06-29T02:56:39.000Z,False,"Yesterday #Nifty  50 moved furiously & #niftysmall/mid caps lagged somehow than #Nifty  50. 
Some #LargeCaps setting up nicely are 
1. #larsen & tourbo2. #Ultratech Cement
3. #axisbank 
4. #marutisuzuki",0,1,0,324,"['#Nifty', '#niftysmall', '#Nifty', '#LargeCaps', '#larsen', '#Ultratech', '#axisbank', '#marutisuzuki']",[],[],https://pbs.twimg.com/profile_images/1680593107073613827/0zju1c2v_normal.jpg,https://twitter.com/puneetjoshi7687/status/1674250498315108352,tweet_id:1674250498315108352,"Yesterday #Nifty  50 moved furiously & #niftysmall/mid caps lagged somehow than #Nifty  50. 
Some #LargeCaps setting up nicely are 
1. #larsen & tourbo2. #Ultratech Cement
3. #axisbank 
4. #marutisuzuki"
Upaay Future Stocks,@PRICEACTION2700,2023-06-19T05:48:07.000Z,False,Book your Target 2417#LT Larsen & Tourbo,1,1,1,129,['#LT'],[],[],https://pbs.twimg.com/profile_images/1687763703842983936/n-SfCp1Z_normal.jpg,https://twitter.com/PRICEACTION2700/status/1670669770210029570,tweet_id:1670669770210029570,Book your Target 2417#LT Larsen & Toubro
PSUWatch,@PsuWatch,2023-06-12T14:28:27.000Z,False,"Shri Ram Temple Ayodhya Enters Final Ground Floor Construction Phase
-
The Engineering teams of Larsen & Tourbo, Tata Consulting Engineers and Ram Janmbhoomi Teerth Kshetra Trust participated  in the review meeting called upon by Chairman Construction Committee, Nripendra Misra.…",0,1,1,1K,[],[],[],https://pbs.twimg.com/profile_images/1416842160691826689/dRguS-14_normal.jpg,https://twitter.com/PsuWatch/status/1668264001447272451,tweet_id:1668264001447272451,"Shri Ram Temple Ayodhya Enters Final Ground Floor Construction Phase
-
The Engineering teams of Larsen & Tourbo, Tata Consulting Engineers and Ram Janmbhoomi Teerth Kshetra Trust participated  in the review meeting called upon by Chairman Construction Committee, Nripendra Misra.…"
Vishal veer dagar,@Vishalsarpanch,2023-05-26T03:02:12.000Z,False,Larsen& tourbo group,0,0,1,130,[],[],[],https://pbs.twimg.com/profile_images/1718827602948063232/KJ7zKXqj_normal.jpg,https://twitter.com/Vishalsarpanch/status/1661930705482563584,tweet_id:1661930705482563584,Larsen & turbo group
Sahil Pahwa,@Sahilpahwa09,2023-05-12T07:11:01.000Z,True,"Till then 2040 is secured no need to worry...!!
Can do 3000 in next wave up...!!  
Possible Ew counts of #LarsenTourbo #Analysis",3,1,11,3.1K,"['#LarsenTourbo', '#Analysis']",['@DilipSh28905743'],[],https://pbs.twimg.com/profile_images/1517375235611267072/oX2zTeal_normal.jpg,https://twitter.com/Sahilpahwa09/status/1656919893923491840,tweet_id:1656919893923491840,"Till then 2040 is secured no need to worry...!!
Can do 3000 in next wave up...!!  
Possible Ew counts of #LarsenTourbo #Analysis"
